
{
    "region" : "us-east-1",
    "configuration" : "Debug",
    "framework"     : "net6.0",
    "self-contained" : false,
    "application"    : "EmpresariosConLiderazgo",
    "environment"    : "EmpresariosConLiderazgo-dev",
    "enable-xray"    : false,
    "enhanced-health-type" : "basic",
    "additional-options"   : "\"aws:autoscaling:launchconfiguration,SecurityGroups\"=\"sg-050fa6c271b5a7cbc\";\"aws:ec2:vpc,Subnets\"=\"subnet-0e0496cebb9551a9d\"",
    "solution-stack"       : "64bit Amazon Linux 2 v2.3.0 running .NET Core",
    "environment-type"     : "SingleInstance",
    "cname"                : "empresariosconliderazgo-dev",
    "instance-type"        : "t1.micro",
    "key-pair"             : "",
    "instance-profile"     : "aws-elasticbeanstalk-ec2-role",
    "service-role"         : "aws-elasticbeanstalk-service-role",
    "proxy-server"         : "nginx"
}